hash-threshold 100

statement ok
INSERT INTO foo$bar (_id, biff$bing$bong) VALUES (1, 'fish')

query IT rowsort
SELECT fb._id, fb.biff$bing$bong FROM foo$bar fb
----
1
fish

statement ok
INSERT INTO baz$ (_id, bat$) VALUES (2, 'dog')

query IT rowsort
SELECT baz$._id, baz$.bat$ FROM baz$
----
2
dog
